ID,COMUNE,PRO_COM
1,Altino,69001
2,Atessa,69005
3,Bomba,69006
4,Bomba,69006
5,Bomba,69006
6,Borrello,69007
7,Borrello,69007
8,Borrello,69007
9,Borrello,69007
10,Borrello,69007
11,Borrello,69007
12,Borrello,69007
13,Borrello,69007
14,Borrello,69007
15,Borrello,69007
16,Bucchianico,69008
17,Bucchianico,69008
18,Celenza Sul Trigno,69021
19,Celenza Sul Trigno,69021
20,Gessopalena,69040
21,Gissi,69041
22,Guardiagrele,69043
23,Guardiagrele,69017
24,Perano,69065
25,Pretoro,69069
26,Pretoro,69069
27,Rapino,69071
28,Roccamontepiano,69073
29,Roccamontepiano,69073
30,Roccamontepiano,69073
31,San Buono,69079
32,Alfedena,66003
33,Alfedena,66003
34,Alfedena,66003
35,Alfedena,66003
36,Cappadocia,58014
37,Cappadocia,58014
38,Cappadocia,66023
39,Cappadocia,66023
40,Cappadocia,66023
41,Cappadocia,66023
42,Cappadocia,66023
43,Castel del Monte,66026
44,Castel del Monte,66026
45,Fagnano Alto,66042
46,Fagnano Alto,66042
47,Fagnano Alto,68029
48,Massa d'Albe,66054
49,Navelli,66058
50,Sante Marie,66089
51,Sante Marie,66089
52,Sante Marie,66089
53,Villa Santa Lucia degli Abruzzi,66104
54,Cepagatti,68011
55,Civitella Casanova,68014
56,Civitella Casanova,68014
57,Civitella Casanova,68014
58,Loreto Aprutino,68021
59,Tocco da Casauria,68043
60,Tocco da Casauria,68042
61,Atri,67004
62,Castiglione M.R.,67013
63,Castiglione M.R.,67013
64,Fano Adriano,67024
65,Fano Adriano,67024
66,Fano Adriano,67024
67,Fano Adriano,67024
68,Fano Adriano,67024
69,Fano Adriano,67024
70,Fano Adriano,67024
71,Fano Adriano,67024
72,Fano Adriano,67024
73,Fano Adriano,67024
1,Ferrandina,77008
2,Ferrandina,77008
3,Ferrandina,77008
4,Matera,77014
5,Matera,77014
6,Matera,77014
7,Matera,77014
8,Matera,77014
9,Matera,77014
10,Matera,77014
11,Matera,77014
12,Matera,77014
13,Montescaglioso,77017
14,Rotondella,77023
15,Salandra,77024
16,Salandra,77024
17,San Giorgio Lucano,77025
18,Albano di Lucania,76003
19,Avigliano,76007
20,Avigliano,76007
21,Barile,76011
22,Bella,76012
23,Bella,76012
24,Bella,76012
25,Bella,76012
26,Bella,76012
27,Brienza,76013
28,Calvello,76015
29,Campomaggiore,76017
30,Campomaggiore,76017
31,Cancellara,76090
32,Cancellara,76018
33,Chiaromonte,76028
34,Filiano,76032
35,Forenza,76033
36,Francavilla in Sinni ,76034
37,Francavilla in Sinni ,76034
38,Gallicchio,76035
39,Gallicchio,76035
40,Genzano di Lucania,76036
41,Grumento Nova,76037
42,Lagonegro,76039
43,Lagonegro,76039
44,Lagonegro,76039
45,Lagonegro,76039
46,Laurenzana,76041
47,Laurenzana,76015
48,Laurenzana,76041
49,Laurenzana,76041
50,Laurenzana,76041
51,Laurenzana,76041
52,Laurenzana,76041
53,Lauria,76042
54,Melfi,76048
55,Melfi,76048
56,Nemoli,76054
57,Pescopagano,76058
58,Pescopagano,76058
59,Picerno,76059
60,Pietragalla,76060
61,Pietragalla,76060
62,Pietragalla,76060
63,Pietragalla,76060
64,Pietragalla,76060
65,Pietragalla,76060
66,Pietragalla,76060
67,Pietragalla,76060
68,Pietragalla,76042
69,Pietragalla,76060
70,Pietragalla,76060
71,Pietragalla,76060
72,Pietrapertosa,76061
73,Potenza,76063
74,Potenza,76063
75,Ripacandida ,76067
76,Ripacandida ,76067
77,Ripacandida ,76067
78,Ripacandida ,76067
79,Ripacandida ,76067
80,Ripacandida ,76067
81,Rivello ,76068
82,Rivello ,76068
83,Roccanova,76069
84,Ruoti,76071
85,San Fele,76076
86,San Fele,76076
87,San Fele,76076
88,San Martino d'Agri,76077
89,San Martino d'Agri,76077
90,San Martino d'Agri,76077
91,San Martino d'Agri,76077
92,San Paolo Albanese,76020
93,San Paolo Albanese,76020
94,San Severino Lucano,76078
95,San Severino Lucano,76078
96,Sasso di Castalda,76082
97,Terranova di Pollino,76088
98,Tito,76089
99,Tito,76089
100,Tito,76089
101,Tito,76089
102,Tito,76089
103,Trecchina,76092
104,Viggianello,76097
1,Appiano ,21015
2,Bolzano,21008
4,Brennero,21010
5,Bressanone,21011
6,Bressanone,21011
7,Brunico,21013
8,Chiusa,21022
9,Cornedo all'Isarco,21023
10,Cortaccia ,21024
11,Curon Venosta,21027
12,Falzes,21030
13,Laces,21082
14,Laion,21039
15,Laives,21040
16,Malles Venosta,21046
17,Magrè,21045
18,Magrè,21045
19,Merano,21051
20,Merano,21051
21,Merano,21051
22,Merano,21051
23,Merano,21051
24,Merano,21051
25,Naz-Sciaves,21057
26,Perca,21063
27,Racines,21070
28,Racines,21070
29,Renon,21072
30,Salorno,21076
31,San Genesio Atesino,21079
32,San Genesio Atesino,21079
33,San Pancrazio,21084
34,Sarentino ,21086
35,Sarentino ,21086
36,Scena,21087
37,Terlano,21097
38,Tesimo,21099
39,Tirolo,21101
40,Tirolo,21101
41,Ultimo,21104
42,Ultimo,21104
43,Valle Aurina,21108
44,Varna,21111
1,Albi,79002
2,Albi,79002
3,Albi,79002
4,Cerva,79027
5,Curinga,78056
6,Taverna,79146
7,Taverna,79146
8,Taverna,79146
9,Taverna,101015
10,Taverna,79146
11,Taverna ,79146
12,Taverna ,79146
13,Albidona,78006
14,Albidona,78006
15,Albidona,78006
16,Belmonte Calabro,78067
17,Castrovillari,78033
18,Castrovillari,78033
19,Cerchiara di Calabria,78036
20,Cerchiara di Calabria,78036
21,Cerzeto,78039
22,Corigliano Calabro,78044
23,Grisolia,78060
24,Longobucco,78068
25,Longobucco,78068
26,Longobucco,78068
27,Marzi,78078
28,Morano Calabro,78083
29,Pedace,78095
30,Rogliano,78105
31,San Giovanni in Fiore,78119
32,San Pietro in Amantea,78126
33,Serra Pedace,78141
34,Spezzano della Sila,78143
35,Spezzano Piccolo,78144
36,Spezzano Piccolo,78144
37,Terravecchia,78147
38,Trebisacce,78150
39,Trebisacce,78006
40,Trebisacce,78150
41,Cirò,101007
42,Cirò Marina,101008
43,Cotronei,101009
44,Cotronei,101009
45,Crucoli,101011
46,Mesoraca,101015
47,Mesoraca,101015
48,Mesoraca,101015
49,Mesoraca,101015
50,Petilia Policastro,101017
51,Petilia Policastro,101017
52,Roccabernarda,101018
53,Santa Severina,101022
54,Bagaladi,80006
55,Cardeto,80022
56,Cittanova,80028
57,Condofuri,80029
58,Fiumara,80034
59,Molochio,80051
60,Oppido Mamertina,80055
61,Reggio Calabria,80063
62,Reggio Calabria,80063
63,Reggio Calabria,80063
64,Reggio Calabria,80063
65,Reggio Calabria,80063
66,Roghudi,80068
67,Samo,80070
68,Samo,80070
69,Samo,80070
70,Samo,80070
71,San Lorenzo,80073
72,San Luca,80074
73,San Luca,80074
74,Santa Cristina d'Aspromonte,80078
75,Santa Cristina d'Aspromonte,80078
76,Santa Cristina d'Aspromonte,80078
77,Sant'Eufemia d'Aspromonte,80081
78,Santo Stefano d'Aspromonte,80083
79,Scilla,80081
80,Fabrizia,102010
81,Mongiana,102022
82,Serra San Bruno,102037
83,Serra San Bruno,102037
1,Aiello del Sabato,64001
2,Aiello del Sabato,64001
3,Aiello del Sabato,64001
4,Aiello del Sabato,64001
5,Aiello del Sabato,64001
6,Aquilonia,64004
7,Contrada,64029
8,Contrada,64029
9,Forino,64034
10,Forino,64034
11,Forino,64034
12,Manocalzati,64046
13,Rocca San Felice,64079
14,Summonte,64105
15,Teora,64108
16,Tufo,64113
17,San Bartolomeo in Galdo,64020
18,Caserta,61022
19,Caserta,61050
20,Caserta,61022
21,Caserta,61022
22,Caserta,61022
23,Caserta,61022
24,Caserta,61022
25,Caserta,61022
26,Caserta,61022
27,Caserta,61022
28,Castellammare di Stabia,63024
29,Castellammare di Stabia,63024
30,Castellammare di Stabia,63024
31,Cicciano,63027
33,Napoli,63049
34,Napoli,63049
35,Napoli,63049
36,Napoli,63049
37,Napoli,63049
38,Napoli,63049
39,Napoli,63049
40,Napoli,63049
41,Napoli,63049
42,Napoli,63049
43,Napoli,63049
44,Napoli,63049
45,Piano di Sorrento,63053
46,Piano di Sorrento,63053
47,Piano di Sorrento,63053
48,Piano di Sorrento,63053
49,Piano di Sorrento,63053
50,Piano di Sorrento,63053
51,Piano di Sorrento,63053
52,Piano di Sorrento,63053
53,Piano di Sorrento,63053
54,Piano di Sorrento,63053
55,Piano di Sorrento,63053
56,Piano di Sorrento,63053
57,Pompei,63058
58,Pompei,63058
59,Striano,63081
60,Cava de' Tirreni,65157
61,Cava de' Tirreni,65037
62,Cava de' Tirreni,65037
64,Pontecagnano Faiano,65099
65,Pontecagnano Faiano,65099
66,Pontecagnano Faiano,65099
67,Salerno,65116
68,Salerno,65116
69,Salerno,65116
1,Baricella,37003
2,Baricella,37003
3,Baricella,37003
4,Baricella,37003
5,Bentivoglio,37005
6,Bologna,37006
7,Bologna,37006
8,Bologna,37006
9,Bologna,37006
10,Bologna,37006
11,Bologna,37006
12,Bologna,37006
13,Bologna,37006
14,Borgo Tossignano,37007
15,Budrio,37008
16,Budrio,37008
17,Budrio,37008
18,Budrio,37008
19,Calderara di Reno,37009
20,Castenaso,37021
21,Crevalcore,37024
22,Crevalcore,37024
23,Gaggio Montano,37027
24,Grizzana Morandi,37031
25,Imola,37032
26,Imola,37032
27,Lizzano in Belvedere,37033
28,Lizzano in Belvedere,37033
29,Loiano,37034
30,Ozzano dell’Emilia,37046
31,Ozzano dell’Emilia,37046
32,Pieve di Cento,37048
33,Pieve di Cento,37048
34,Porretta Terme,37062
35,Berra,38002
36,Ferrara,38008
37,Ferrara,38008
38,Ferrara,38008
39,Ferrara,38008
40,Ferrara,38008
41,Mesola,38014
42,Poggio Renatico,38018
43,Bagno di Romagna,40001
44,Forlì,40012
45,Forlimpopoli,40013
46,Forlimpopoli,40013
47,Forlimpopoli,40013
48,Forlimpopoli,40013
49,Portico e San Benedetto,40031
50,Premilcuore,40033
51,Sogliano al Rubicone,40046
52,Sogliano al Rubicone,40046
53,Tredozio,40049
54,Verghereto,40050
55,Verghereto,40050
56,Castelnuovo Rangone,36007
57,Fanano,36011
58,Fiorano modenese,36013
59,Lama Mocogno,36018
60,Modena,36023
61,Modena,36023
62,Modena,36023
63,Nonantola,36027
64,Palagano,36016
65,Pavullo nel Frignano,36030
66,Pavullo nel Frignano,36030
67,Pavullo nel Frignano,36030
68,Pavullo nel Frignano,36030
69,San Cesario sul Panaro,36036
70,Zocca,36047
71,Colorno,34010
72,Felino,34013
73,Fontanellato,34015
74,Fontanellato,34015
75,Monchio delle Corti,34022
76,Parma,34027
77,Parma,34027
78,Tizzano Val Parma,34039
79,Traversetolo,34042
80,Traversetolo,34042
81,Traversetolo,34042
82,Zibello,34050
83,Bobbio,33005
84,Bobbio,33005
85,Ottone,33030
86,Piacenza,33032
87,Rivergaro,33038
88,San Giorgio Piacentino,33040
89,San Giorgio Piacentino,33040
90,Bagnacavallo,39002
91,Bagnacavallo,39002
92,Brisighella,39004
93,Castel Bolognese,39006
94,Faenza,39010
95,Faenza,39010
96,Faenza,39010
97,Massalombarda,39013
98,Ravenna,39014
99,Castelnvovo ne’ Monti ,35016
100,Correggio,35020
101,Gattatico,35022
103,Reggio Emilia,35033
104,Scandiano,35040
105,Coriano,99003
106,Novafeltria,99023
107,Verucchio,99020
1,Cormons,31002
2,Gorizia ,31007
3,Gorizia ,31007
4,Gorizia ,31007
5,Gorizia ,31007
6,Gorizia ,31007
7,Gorizia ,31007
8,Gorizia ,31007
9,Gradisca d'Isonzo,31008
10,Gradisca d'Isonzo,31008
11,Mossa,31014
12,Ronchi dei Legionari,31016
13,Savogna d'Isonzo,31022
14,Staranzano,31023
15,Aviano,93004
16,Aviano,93004
17,Barcis,93006
18,Caneva,93009
19,Caneva,93009
20,Caneva ,93009
21,Claut,93015
22,Claut,93015
23,Claut,93015
24,Claut,93015
25,Claut,93015
26,Fiume Veneto ,93005
27,Maniago,93025
28,Maniago,93025
29,Porcia,93032
30,Porcia,93032
31,Porcia,93032
32,Sequals,93042
33,Duino - Aurisina,32001
34,Duino - Aurisina,32001
35,Muggia,32003
36,Trieste ,32006
37,Trieste ,32006
38,Trieste ,32006
39,Trieste ,32002
40,Trieste ,32006
41,Trieste ,32006
42,Trieste ,32006
43,Trieste ,32006
44,Trieste ,32006
45,Trieste ,32006
46,Trieste ,32006
47,Trieste ,32006
48,Trieste,32004
49,Trieste,32004
50,Trieste,32006
51,Ampezzo,30003
52,Attimis,30007
53,Attimis ,30007
54,Attimis,30007
55,Attimis,30007
56,Basiliano,30009
57,Basiliano,30009
58,Basiliano,30009
59,Basiliano,30009
60,Bertiolo,30010
61,Cividale,30026
62,Cividale ,30026
63,Cividale,30026
64,Cividale,30026
65,Codroipo,30027
66,Codroipo,30027
67,Codroipo,30027
68,Codroipo,30027
69,Codroipo,30027
70,Codroipo,30027
71,Codroipo,30027
72,Codroipo,30027
73,Codroipo,30027
74,Codroipo,30027
75,Codroipo,30027
76,Enemonzo,30035
77,Lignano Sabbiadoro,30049
78,Lignano Sabbiadoro,30049
79,Malborghetto,30054
80,Moruzzo,30063
81,Moruzzo,30063
82,Moruzzo,30063
83,Paluzza,21047
84,Paularo,30073
85,Paularo ,30073
86,Pontebba,30076
87,Pontebba,30076
88,Pontebba,30076
89,Premariacco,30083
90,Premariacco,30083
91,Premariacco,30083
92,Premariacco,30083
93,Pulfero ,30086
94,Pulfero ,30086
95,Raveo,30089
96,San Leonardo,30102
97,San Leonardo,30103
98,Savogna,30108
99,Talmassons,30114
100,Tarcento,30116
101,Tarcento,30116
102,Tarvisio,30117
103,Tarvisio,30117
104,Tarvisio,30117
105,Tarvisio,30117
106,Tarvisio,30117
107,Tarvisio,30117
108,Tarvisio,30117
109,Tarvisio,30117
110,Tarvisio,30117
111,Tarvisio,30117
112,Tarvisio,30117
113,Tarvisio,30117
114,Tarvisio,30117
115,Tricesimo,30127
116,Tricesimo,30127
117,Tricesimo,30127
118,Tricesimo,30127
119,Tricesimo,30127
120,Udine,30129
121,Udine,30129
122,Udine,30129
123,Udine,30129
124,Udine,30129
125,Udine,30129
126,Udine,30129
127,Udine,30129
128,Udine,30129
129,Udine,30129
130,Udine,30129
131,Udine,30129
132,Udine,30129
133,Udine,30129
134,Udine,30129
135,Udine,30129
136,Udine,30072
137,Udine,30129
138,Udine ,30129
139,Varmo,30130
1,Alatri,60003
2,Cassino,60019
3,Patrica,60048
4,Patrica,60048
5,Patrica,60048
6,Patrica,60048
7,Settefrati,60072
8,Bassiano,59002
9,Campodimele,59003
10,Monte San Biagio,59015
11,Monte San Biagio,59015
12,Amatrice,57002
13,Amatrice,57002
14,Amatrice,57002
15,Amatrice,57002
16,Amatrice,57002
17,Amatrice,57002
18,Amatrice,57002
19,Fiamignano,57028
20,Fiamignano,57028
21,Marcetelli,57036
22,Pescorocchiano ,57007
23,Rivodutri,57060
24,Roma,58091
25,Roma,58091
26,Roma,58091
27,Roma,58091
28,Roma,58091
30,Roma,58091
31,Roma,58091
32,Roma,58091
33,Roma,58091
34,Roma,58091
35,Roma,58091
36,Roma,58091
37,Roma,58091
38,Roma,58091
39,Roma,58091
40,Roma,58091
41,Roma,58091
42,Roma,58091
43,Roma,58091
44,Acquapendente ,56047
45,Acquapendente ,56001
46,Acquapendente ,56001
47,Acquapendente ,56001
48,Acquapendente ,56001
49,Acquapendente ,56047
50,Acquapendente ,56001
51,Acquapendente ,56001
52,Acquapendente ,56001
53,Acquapendente ,56001
54,Acquapendente ,56001
55,Acquapendente ,56001
56,Acquapendente ,56001
57,Acquapendente ,56001
58,Blera,56007
59,Civitella d'Agliano,56022
60,Civitella d'Agliano,56022
61,Valentano,53019
62,Vallerano ,56054
1,Arenzano,10001
2,Arenzano,10001
3,Arenzano,10001
4,Borzonasca,10048
5,Borzonasca,10005
6,Casella,10012
7,Genova,10025
8,Genova,10025
9,Genova,10025
10,Genova ,10025
11,Genova ,10025
12,Ne,10040
13,Rapallo,10046
14,Rapallo,10046
15,Rapallo,10046
16,Rapallo,10046
17,Rapallo,10046
18,Rapallo,10046
19,Santo Stefano d'Aveto,10056
20,Tiglieto,10061
21,Tiglieto,10061
22,Vobbia,10066
23,Bordighera,8008
24,Bordighera,8008
25,Bordighera,8008
26,Bordighera,8008
27,Bordighera,8008
28,Bordighera,8008
29,Borgomaro,8010
30,Borgomaro,8010
31,Borgomaro,8010
32,Dolcedo,8030
33,Imperia,8031
34,Sanremo,8055
35,Sanremo,8055
36,Sanremo,8055
37,Sanremo,8055
38,Triora,8061
39,Triora,8061
40,Triora,8061
41,Triora,8061
42,Ventimiglia,8065
43,Ventimiglia,8065
44,La Spezia,11015
45,La Spezia,11015
46,La Spezia,11015
48,Monterosso,11019
49,Monterosso,11019
50,Portovenere,11022
51,Rocchetta di Vara,11025
52,Sarzana,11027
53,Varese Ligure,11029
54,Varese Ligure,11029
55,Varese Ligure,11029
56,Varese Ligure,11029
57,Varese Ligure,11029
58,Varese Ligure,11029
59,Vernazza,11030
60,Vernazza,11030
61,Altare,9005
62,Altare,9005
63,Bardineto,9009
64,Bardineto,9009
65,Bardineto,9009
66,Bormida,9014
67,Bormida,9014
68,Cairo Montenotte,9015
69,Cairo Montenotte,9015
70,Calice Ligure,9016
71,Calizzano,9017
72,Calizzano,9017
73,Celle Ligure,9022
74,Finale Ligure,9029
75,Finale Ligure,9029
76,Garlenda,9030
77,Giustenice,9031
78,Giustenice,9031
79,Mallare,9036
80,Mallare,9036
81,Piana Crixia,9048
82,Piana Crixia,9048
83,Pietra Ligure,9034
84,Pietra Ligure,9049
85,Pietra Ligure,9049
86,Rialto,9053
87,Sassello,9055
88,Savona,9056
89,Savona,9056
90,Savona,9056
91,Spotorno,9057
92,Urbe,9063
93,Zuccarello,9069
1,Albano Sant'Alessandro,16003
2,Albano Sant'Alessandro,16003
3,Casirate d'Adda,16059
4,Cisano Bergamasco,16074
5,Gorlago,16114
6,Lovere,16128
7,Lovere,16128
8,Roncobello,16184
9,Seriate,16198
10,Seriate,16198
11,Seriate,16198
12,Seriate,16198
13,Seriate,16198
14,Seriate,16198
15,Seriate,16198
16,Torre Boldone,16214
17,Torre Boldone,16214
18,Salò,17170
19,Toscolano Maderno,17187
20,Toscolano Maderno,17187
21,Toscolano Maderno,17187
22,Toscolano Maderno,17187
23,Como,13075
24,Como,13075
25,Como,13075
26,Como,13075
27,Como,13075
28,Como,13075
29,Como,13075
30,Como,13075
31,Como,13075
32,Como,13075
33,Como,13075
34,Como,13075
35,Como,13075
36,Calolziocorte,97013
37,Calolziocorte,97013
38,Curtatone,20021
39,Curtatone,20021
40,Curtatone,20030
41,Curtatone,20021
42,Marmirolo,20033
43,Bollate,15027
44,Bollate,15027
45,Cerro Maggiore,15072
46,Cerro Maggiore,15072
47,Cerro Maggiore,15072
48,Cerro Maggiore,15072
49,Cinisello Balsamo,15077
50,Cinisello Balsamo,15077
51,Cinisello Balsamo,15077
52,Cornaredo,15087
53,Gorgonzola,15108
54,Gorgonzola,15108
55,Gorgonzola,15108
56,Gorgonzola,15108
57,Gorgonzola,15108
58,Gorgonzola,15108
59,Legnano,15118
60,Legnano,15118
61,Milano,15146
62,Milano,15146
63,Milano,15146
64,Milano,15146
65,Milano,15146
66,Milano,15146
67,Milano,15146
68,Milano,15146
69,Milano,15146
70,Milano,15146
71,Milano,15146
72,Milano,15146
73,Milano,15146
74,Milano,15146
75,Milano,15146
76,Milano,15146
77,Milano,15146
78,Motta Visconti,15151
79,Motta Visconti,15151
80,Motta Visconti,15151
81,Motta Visconti,15151
82,Vaprio d'Adda,15230
83,Vimodrone,15242
84,Besana in Brianza,108008
85,Varedo,108045
86,Varedo,108045
87,Varedo,108045
88,Varedo,108045
89,Cura Carpignano,18060
90,Montebello della Battaglia,18095
91,Santa Cristina e Bissone,18139
92,Voghera,18182
93,Voghera,18182
94,Albosaggia,14002
95,Chiuro,14020
96,Ponte in Valtellina,14052
97,Sondrio,14061
98,Sondrio,14061
99,Talamona,14063
100,Talamona,14063
101,Valfurva,14073
102,Valfurva,14073
103,Villa di Tirano,14078
104,Villa di Tirano,14078
105,Barasso,12008
106,Barasso,12008
107,Cassano Magnago,12040
108,Cassano Magnago,12040
109,Cugliate Fabiasco,12059
110,Luino,12092
111,Luino,12092
112,Luino,12092
113,Olgiate Olona,12108
114,Olgiate Olona,12108
115,Somma Lombardo,12123
116,Somma Lombardo,12123
117,Somma Lombardo,12123
118,Somma Lombardo,12123
119,Somma Lombardo,12123
120,Somma Lombardo,12123
121,Tradate,12127
1,Agugliano,42001
2,Agugliano,42001
3,Arcevia,42003
4,Arcevia,42003
5,Camerano,42006
6,Castelplanio,42012
7,Cupramontana,42029
8,Fabriano,42017
9,Fabriano,42017
10,Fabriano,42017
11,Fabriano,42017
12,Fabriano,42017
13,Fabriano,42017
14,Fabriano,42017
15,Fabriano,42017
16,Fabriano,42017
17,Falconara Marittima,42018
18,Filottrano,42019
19,Filottrano,42019
20,Monte Roberto,42029
21,Montemarciano,42027
22,Morro d'Alba,42031
23,Osimo,42034
24,Osimo,42034
25,San Marcello,42041
26,Sassoferrato,42044
27,Sassoferrato,42044
28,Sassoferrato,42044
29,Senigallia,42045
30,Senigallia,42045
31,Serra de' Conti,42046
32,Sirolo,42048
33,Acquasanta Terme,44001
34,Acquasanta Terme,44001
35,Acquasanta Terme,44001
36,Acquasanta Terme,44001
37,Acquasanta Terme,67046
38,Acquasanta Terme,44001
39,Acquasanta Terme,44001
40,Arquata del Tronto,44006
41,Arquata del Tronto,44006
42,Ascoli Piceno,44007
43,Ascoli Piceno,44007
44,Ascoli Piceno,44007
45,Ascoli Piceno,44007
46,Ascoli Piceno,44007
47,Ascoli Piceno,44007
48,Ascoli Piceno,44007
49,Cossignano,44016
50,Montalto Marche,44032
51,Montegallo,44038
52,Montegallo,44038
53,Roccafluvione,44064
54,San Benedetto del Tronto,44066
55,Venarotta,44073
56,Falerone,109005
57,Falerone,109005
58,Fermo,109006
59,Fermo,109006
60,Fermo,109006
61,Fermo,109006
62,Monsampietro Morico,109012
63,Montefalcone Appennino,109014
64,Montefalcone Appennino,109014
65,Montefortino,109015
66,Montefortino,109015
67,Montefortino,109015
68,Montegiorgio,109017
69,Ortezzano,109029
70,Cessapalombo,43011
71,Cingoli,43012
72,Cingoli,43012
73,Cingoli,43012
74,Cingoli,43012
75,Cingoli,43012
76,Cingoli,43012
77,Fiuminata,54034
78,Mogliano,43025
79,Mogliano,43036
80,Pollenza,43041
81,Pollenza,43041
82,Potenza Picena,43043
83,Potenza Picena,43043
84,Potenza Picena,43043
85,Sefro,43050
86,Treia,43054
87,Barchi,41004
88,Barchi,41004
89,Fano,41013
90,Fano,41013
91,Fossombrone,41015
92,Lunano,41022
93,Macerata Feltria,41023
94,Mombaroccio,41027
95,Mondavio,41028
96,Mondavio,41028
97,Montefelcino,41034
98,Montelabbate,41036
99,Montelabbate,41036
100,Pergola,41043
101,Pesaro,41044
102,Pesaro,41044
103,Pesaro,41044
104,Pesaro,41044
105,Pesaro,41044
106,Pesaro,41044
107,Pesaro,41044
108,Piobbico,41049
109,Saltara,41050
110,Saltara,41050
111,San Lorenzo in Campo,41054
112,San Lorenzo in Campo,41054
113,Sassocorvaro,41059
114,Sassocorvaro,41059
115,Sassocorvaro,41059
116,Sassofeltrio,41060
117,Serra Sant'Abbondio,41061
118,Serra Sant'Abbondio,41061
119,Serrungarina,41062
120,Serrungarina,41062
121,Urbino,41067
122,Urbino,41067
123,Urbino,41067
1,Busso,70005
2,Campobasso,70006
3,Campobasso,70006
4,Campobasso,70006
5,Campobasso,70006
6,Campobasso,70006
7,Campolieto,70009
8,Casalciprano,70012
9,Duronia,70022
10,Portocannone,70055
11,Portocannone,70052
12,Roccavivara,70049
13,Roccavivara,70060
14,Salcito,70062
15,San Biase,70063
16,San Giovanni in Galdo ,70066
17,Sepino,70075
18,Sepino,70075
19,Trivento,70081
20,Trivento,70081
21,Trivento,70081
22,Trivento,70081
23,Trivento,70081
24,Trivento,70081
25,Trivento,70081
26,Trivento,70081
27,Trivento,70081
28,Trivento,70081
29,Trivento,70081
30,Trivento,70081
31,Belmonte del Sannio ,94004
32,Castelpizzuto ,94011
33,Castelverrino ,94013
34,Forli del Sannio,94020
35,Isernia,94023
36,Isernia,94023
37,Isernia,94024
38,Isernia,94023
39,Isernia,94023
40,Macchiagodena,94026
41,Pesche,94031
42,Pozzilli,94038
43,Pozzilli,94038
44,Rionero Sannitico,94039
45,Rionero Sannitico,94039
46,Rionero Sannitico,94039
47,Rionero Sannitico,94039
48,San Pietro Avellana,94043
49,San Pietro Avellana,94043
50,San Pietro Avellana,94043
51,Vastogirardi,94051
1,Acqui Terme,6001
2,Acqui Terme,6001
3,Alessandria,6003
4,Arquata scrivia,6009
5,Avolasca,6010
6,Avolasca,6010
7,Castelnuovo Scrivia,6053
8,Coniolo,6060
9,Fresonara,6074
10,Mirabello Monferrato,6094
11,Novi Ligure,6114
12,Pomaro Monferrato,6131
13,Tassarolo,6170
14,Valmacca,6178
15,Vignale Monferrato,6179
16,Volpedo,6188
17,Asti,5005
18,Berzano S. Pietro,5009
20,Casorzo ,5020
21,Casorzo,5020
22,Cocconato,5042
23,Fontanile,5054
24,Rocchetta Tanaro,5096
25,Rocchetta Tanaro,5096
26,Biella,96004
27,Biella,96004
28,Biella,96004
29,Biella,96004
30,Bioglio,96074
31,Bioglio,96005
32,Pollone,96046
33,Pollone,96046
34,Alba,4003
35,Alba,4003
36,Bagnasco,4008
37,Bra,4029
38,Bra,4029
39,Casteldelfino,4047
40,Cavallermaggiore,4059
41,Cavallermaggiore,4059
42,Cavallermaggiore,4059
43,Cavallermaggiore,4059
44,Cherasco,4067
45,Chiusa di Pesio,4068
46,Demonte,4079
47,Dogliani,4081
48,Dronero,4082
49,Entracque,4084
50,Farigliano,4086
51,Garessio,4159
52,Melle,4122
53,Moiola,4123
54,Monterosso Grana,4139
55,Monteu Roero ,4140
56,Oncino,4154
57,Ormea,4155
58,Pietraporzio,4167
59,Piobesi d'Alba,4003
60,Racconigi,4179
61,Roccavione ,4192
62,Savigliano,4215
63,Serravalle Langhe,4219
64,Valdieri,4233
65,Vernante,4239
66,Vernante,4239
67,Arona,3008
68,Casalbeltrame,3037
69,Comignago,3052
70,Dormelletto,3062
71,Novara,3106
72,Novara,3106
73,Novara,3106
74,Aglié,1001
75,Angrogna,1011
76,Baldissero Torinese,1018
77,Bardonecchia,1022
78,Bibiana,1025
79,Caluso,1047
80,Campiglione Fenile,1049
81,Campiglione Fenile,1049
82,Campiglione Fenile,1049
83,Campiglione Fenile,1049
84,Casalborgone,1060
85,Castagneto Po,1064
86,Castagneto Po,1064
87,Castagneto Po,1064
88,Castagneto Po,1064
89,Cumiana,1097
90,Cumiana,1097
91,Cumiana,1097
92,Druento,1099
93,Druento,1099
94,Fenestrelle,1103
95,Fenestrelle,1103
96,Fenestrelle,1103
97,Giaglione,1114
98,Ivrea,1125
99,Mompantero,1270
100,Moncenisio,1157
101,Moncenisio,1157
102,Moncalieri,1156
103,Montalenghe ,1159
104,Montalto Dora,1160
105,Nichelino,1164
106,Nichelino,1164
107,Oulx,1175
108,Oulx,1175
109,Oulx,1175
110,Pinerolo,1191
111,Porte,1200
112,Rivalta,1214
113,Rivara,1216
114,Rivara,1216
115,Rivara,1216
116,Rora',1226
117,San Sebastiano Po,1253
118,Santena,1257
119,Santena,1257
120,Torino,1272
121,Torino,1272
122,Torino,1272
123,Torino,1272
124,Torino,1272
125,Torino,1272
126,Torino,1272
127,Torino,1272
128,Torino,1272
129,Torino,1272
130,Torino,1272
131,Torino,1272
132,Torino,1272
133,Torre Pellice,1275
134,Torre Pellice,1275
135,Trofarello,1280
136,Valprato Soana,1288
137,Valprato Soana,1288
138,Venaria,1292
139,Villarfocchiardo,1305
140,Villarfocchiardo,1305
141,Crodo,103026
142,Crodo,103026
143,Macugnaga,103039
144,Madonna del Sasso,103040
145,Mergozzo,103044
146,Piedimulera,103053
147,Premosello-Chiovenda,103057
148,Stresa,103064
149,Stresa,103064
150,Stresa,103064
151,Stresa,103064
152,Stresa,103064
153,Stresa,103064
154,Trasquera ,103067
155,Varzo,103071
156,Varzo,103071
157,Verbania,103072
158,Borgosesia,2016
159,Carcoforo,2029
160,Carcoforo,2029
161,Crescentino,2049
162,Lozzolo,2072
163,Rima San Giuseppe,2111
164,Vercelli,2158
1,Acquaviva delle Fonti,72001
2,Acquaviva delle Fonti,72001
3,Acquaviva delle Fonti,72001
4,Acquaviva delle Fonti,72001
5,Altamura,72004
6,Altamura,72004
7,Altamura,72004
8,Bari,72006
9,Bari,72006
10,Bari,72006
11,Bari,72006
16,Polignano a Mare,72035
17,Polignano a Mare,72035
18,Polignano a Mare,72035
19,Polignano a Mare,72035
20,Polignano a Mare,72035
21,Ruvo di Puglia,72038
22,Santeramo in Colle,72041
23,Toritto ,72044
24,Monte Sant'Angelo ,71033
25,Monte Sant'Angelo ,71033
26,Monte Sant'Angelo ,71033
28,Monte Sant'Angelo ,71033
29,Monte Sant'Angelo ,71033
30,Monte Sant'Angelo ,71033
31,Monte Sant'Angelo,71033
32,Monte Sant'Angelo,71033
33,Monte Sant'Angelo,71033
34,Monte Sant'Angelo,71033
35,Monte Sant'Angelo,71033
36,Monte Sant'Angelo,71033
37,Monte Sant'Angelo,71033
38,Motta Montecorvino,71034
39,Volturara Appula,71061
40,Campi Salentina,75011
41,Campi Salentina,75011
42,Scorrano,75073
43,Supersano,75081
44,Trepuzzi ,75087
45,Tricase,75088
46,Tricase ,75088
47,Vernole ,75093
48,Castellaneta ,73003
49,Martina Franca ,73013
50,Martina Franca ,73013
51,Martina Franca ,73013
52,Martina Franca ,73013
53,Martina Franca ,73013
54,Martina Franca ,73013
55,Palagiano,73021
56,Palagiano,73021
1,Cagliari,92009
2,Cagliari,92009
3,Cagliari,92009
4,Cagliari,92009
5,Capoterra,92011
6,Capoterra,92011
7,Castiadas,92106
8,Dolianova,92017
9,Dolianova,92017
10,Dolianova,92017
11,Escolca,92111
12,Mandas,92036
13,Pula,92050
14,Seulo,92121
15,Seulo,92121
16,Seulo,91001
17,Seulo,92121
18,Seulo,92121
19,Seulo,104010
20,Seulo,92121
21,Seulo,92121
22,Seulo,92121
23,Seulo,92121
24,Seulo,92121
25,Seulo,92119
26,Sinnai,92080
27,Sinnai,92080
28,Sinnai,92080
29,Villanovatulo,92122
30,Villanovatulo,92122
31,Villanovatulo,92122
32,Villanovatulo,92122
33,Villanovatulo,92122
34,Villaputzu,92097
35,Villasalto,92098
36,Aritzo,91001
37,Arzana,105001
38,Arzana,105001
39,Arzana,105001
40,Arzana,105001
41,Arzana,105001
42,Baunei,105003
43,Baunei,105003
44,Baunei,105003
45,Baunei,105003
46,Baunei,105003
47,Baunei,105003
48,Baunei,105003
49,Baunei,105003
50,Baunei,105003
51,Baunei,105003
52,Baunei,105003
53,Baunei,105003
54,Belvì,91007
55,Bolotana,91010
56,Bolotana,91010
57,Bolotana,91010
58,Desulo,91016
59,Gairo,105006
60,Gairo,105006
61,Gairo,105006
62,Gairo,105006
63,Gairo,105006
64,Jerzu,105009
65,Jerzu,105009
66,Jerzu,105009
67,Lanusei,105010
68,Onifai,91085
69,Orgosolo,91062
70,Orgosolo,91062
71,Orgosolo,91062
72,Orune,91067
73,Orune,91067
74,Orune,91067
75,Orune,91067
76,Orune,91067
77,Osini,105013
78,Osini,105013
79,Osini,105013
80,Osini,105013
81,Siniscola,91085
82,Talana,105016
83,Talana,105016
84,Talana,105016
85,Talana,105016
86,Talana,105016
87,Talana,105016
88,Talana,105016
89,Talana,105016
90,Talana,105016
91,Talana,105016
92,Talana,105016
93,Talana,105016
94,Tertenia,105017
95,Tertenia,105017
96,Tertenia,105017
97,Tertenia,105017
98,Tertenia,105017
99,Tertenia,105017
100,Tertenia,105017
101,Tertenia,105017
102,Tertenia,105017
103,Tertenia,105017
104,Tertenia,105017
105,Tertenia,105017
106,Tertenia,105017
108,Tertenia,105017
109,Tertenia,105017
110,Tonara,91093
111,Torpè,91094
112,Ulassai,105020
113,Ulassai,105020
114,Ulassai,105020
115,Ulassai,105020
116,Ulassai,105020
117,Ulassai,105020
118,Urzulei,105021
119,Urzulei,105021
120,Urzulei,105021
121,Urzulei,105021
122,Urzulei,105021
123,Urzulei,105021
124,Urzulei,105021
125,Urzulei,105021
126,Urzulei,105021
127,Villagrande Strisaili,105023
128,Villagrande Strisaili,105023
129,Villagrande Strisaili,105023
130,Villagrande Strisaili,105023
131,Villagrande Strisaili,105023
132,Villagrande Strisaili,105023
133,Villagrande Strisaili,105023
134,Villagrande Strisaili,105023
135,Villagrande Strisaili,105023
136,Villagrande Strisaili,105023
137,Villagrande Strisaili,105023
138,Villagrande Strisaili,105023
139,Arborea,95006
140,Cuglieri,95019
141,Curcuris,95077
142,Laconi,95082
143,Laconi,95082
144,Laconi,95082
145,Laconi,95082
146,Laconi,95082
147,Laconi,95082
148,Laconi,95082
149,Laconi,95082
150,Laconi,95082
151,Laconi,95082
152,Laconi,95082
153,Laconi,95082
154,Norbello,95033
155,Santu Lussurgiu,95049
156,Seneghe,95053
157,Sini,95060
158,Soddì,95078
159,Usellus,95070
160,Villanova Truschedu,95071
161,Villaurbana,95072
162,Anela,90004
163,Berchidda,104006
164,Bono ,90012
165,Bortigiadas,104007
166,Bottidda,90016
167,Bultei,90018
168,Bultei,90018
169,Cheremule,90030
170,Illorai,90031
171,Illorai,90031
172,Illorai,90031
173,Illorai,90028
174,Illorai,90031
175,Illorai,90031
176,Illorai,90031
177,Illorai,90031
178,Illorai,90031
179,Illorai,90031
180,Illorai,90031
181,Illorai,90028
182,Illorai,90031
183,Illorai,90031
184,Illorai,90031
185,Illorai,90031
186,Illorai,90031
187,Illorai,90031
188,Illorai,90031
189,Illorai,90031
190,Illorai,90031
191,Illorai,90031
192,Illorai,90031
193,Illorai,90031
194,Illorai,90031
195,La Maddalena,104012
196,Luogosanto,104014
197,Luras,104015
198,Luras,104015
199,Luras,104015
200,Luras,104015
201,Olbia,104017
202,Padru,104019
203,Padru,104019
204,Sassari,90064
205,Sassari,90064
206,Sassari,90064
207,Sassari,90064
208,Tempio Pausania,104025
209,Tergu,90086
210,Tergu,90086
211,Tergu,90086
212,Barumini,106002
213,Buggerru,107001
214,Buggerru,107001
215,Buggerru,107001
216,Fluminimaggiore,107006
217,Fluminimaggiore,107006
218,Fluminimaggiore,107006
219,Fluminimaggiore,107006
220,Fluminimaggiore,107006
221,Fluminimaggiore,107006
222,Genuri,106005
223,Genuri,106005
224,Genuri,106005
225,Genuri,106005
227,Gesturi,106006
228,Gesturi,106006
229,Gonnosfanadiga,106007
230,Gonnosfanadiga,106007
231,Gonnosfanadiga,106007
232,Gonnosfanadiga,106007
233,Guspini,106008
234,Iglesias,107009
235,Iglesias,107009
236,Iglesias,107009
237,Iglesias,107009
238,Iglesias,107009
239,Iglesias,107009
240,Masainas,107010
241,Narcao,107012
242,Sadali,92119
243,Sadali,92119
244,Santadi,107018
245,Seui,105015
246,Seui,105015
247,Seui,105015
248,Seui,105010
249,Seui,105015
250,Seui,105015
251,Seui,105015
252,Seui,105015
253,Seui,105015
254,Seui,105015
255,Seui,105015
256,Seui,105015
257,Seui,105015
258,Seui,105015
259,Seui,105015
260,Seui,105015
261,Seui,105015
262,Seui,105015
263,Seui,105015
264,Seui,105015
265,Seui,105015
266,Seui,105015
267,Seui,105015
268,Seui,105015
269,Seui,105001
270,Seui,105015
271,Seui,105015
272,Seui,105015
273,Seui,105015
274,Seui,105015
275,Seui,105015
276,Teulada,92084
277,Turri,106023
278,Turri,106023
279,Turri,106023
280,Turri,106023
281,Villacidro,106025
282,Villacidro,106025
283,Villamassargia,107022
284,Villanovaforru,106027
285,Villanovaforru,106027
1,Acireale ,87004
2,Adrano,87006
3,Bronte,87009
4,Bronte,87009
5,Bronte,87009
6,Caltagirone,87011
7,Caltagirone,87011
8,Catania,87015
9,Catania,87015
10,Catania,87015
11,Catania,87015
12,Catania,87015
13,Linguaglossa,87009
14,Milo,87026
15,Milo,87026
16,Milo,87026
17,Milo,87026
18,Milo,87026
19,Motta Sant'Anastasia,87030
20,Paternò,87033
21,Paternò,87033
22,Randazzo,87038
23,Randazzo,87038
24,Riposto,87039
26,Sant'Alfio,87046
27,Sant'Alfio,87046
28,Sant'Alfio,87046
29,Santa Venerina,87048
30,Santa Venerina,87048
31,Trecastagni,87034
32,Trecastagni,87050
33,Vizzini,87054
34,Zafferana Etnea,87055
35,Zafferana Etnea,87055
36,Zafferana Etnea,87055
37,Zafferana Etnea,87055
38,Palermo ,82053
39,Palermo ,82053
40,Palermo ,82053
41,Palermo ,82053
42,Palermo ,82053
43,Palermo ,82053
44,Palermo ,82053
45,Palermo ,82053
46,Palermo ,82053
47,Palermo ,82053
48,Palermo ,82053
49,Palermo ,82053
50,Palermo ,82053
51,Palermo ,82053
52,Palermo ,82053
53,Palermo ,82053
54,Palermo ,82053
55,Palermo ,82053
56,Palermo ,82053
57,Palermo ,82053
58,Palermo ,82053
59,Palermo ,82053
60,Palermo ,82053
61,Palermo ,82053
62,Palermo ,82053
63,Palermo ,82053
64,Acate,88001
65,Chiaramonte Gulfi,88002
66,Chiaramonte Gulfi,88002
67,Chiaramonte Gulfi,88002
68,Ispica,88005
69,Modica,88006
70,Modica,88006
71,Modica,88006
72,Modica,88006
73,Ragusa,88009
74,Ragusa,88009
75,Ragusa,88009
76,Noto,89013
77,Noto,89013
78,Noto,89013
79,Noto,89013
80,Noto,89013
81,Noto,89013
82,Noto,89013
83,Noto,89013
85,Palazzolo Acreide ,89015
86,Palazzolo Acreide ,89015
87,Palazzolo Acreide ,89015
88,Palazzolo Acreide ,89015
1,Arezzo,51002
2,Montevarchi,51026
3,Fiesole,48015
4,Fiesole,48015
5,Fiesole,48015
6,Fiesole,48015
7,Figline Valdarno,48052
8,Fucecchio,48019
9,Fucecchio,48019
10,Fucecchio,48019
11,Fucecchio,48019
12,Reggello,48035
13,Reggello,48035
14,Reggello,48035
15,Reggello,48035
16,Reggello,48035
17,Reggello,48035
18,Reggello,48035
19,Vinci,48050
20,Vinci,48050
21,Vinci,48050
22,Santa Fiora,53022
23,Capannori,46007
24,Capannori,46007
25,Capannori,46007
26,Viareggio,46033
27,Capannoli,50005
28,Montemurlo,100003
29,Montemurlo,100003
30,Montemurlo,100003
31,Montemurlo,100003
32,Montemurlo,100003
33,Montemurlo,100003
34,Montemurlo,100003
35,Montemurlo,100003
36,Montemurlo,100001
37,Montemurlo,100003
38,Montemurlo,100003
39,Montemurlo,100003
40,Montemurlo,100003
41,Montemurlo,100003
42,Montemurlo,100003
43,Montemurlo,100003
44,Montemurlo,100003
45,Montemurlo,100003
46,Montemurlo,100003
47,Montemurlo,100003
48,Montemurlo,100003
49,Castiglione d’Orcia,52007
50,Castiglione d’Orcia,52007
51,Castiglione d’Orcia,52007
52,Castiglione d’Orcia,52007
53,Castiglione d’Orcia,52007
54,Castiglione d’Orcia,52007
55,San Quirico d'Orcia,52030
1,Ala,22001
2,Ala,22001
3,Ala,22001
4,Ala,22001
5,Altavalle (ex Grumes),22235
6,Arco,22006
7,Avio,22007
8,Avio,21047
9,Avio,22007
10,Bieno,22015
11,Borgo Chiese (ex Condino),22238
12,Borgo Lares (ex Bolbeno),22239
13,Borgo Lares (ex Bolbeno),22239
14,Borgo Val Sugana,22022
15,Brentonico,22025
16,Bresimo,22026
17,Caderzone Terme,22029
18,Campitello di Fassa,22036
19,Campitello di Fassa,22036
20,Castel Ivano (ex Ivano-Fracena),22240
21,Castel Ivano (ex Strigno),22240
22,Castelfondo,22046
23,Castello Molina di Fiemme,22047
24,Castello Molina di Fiemme,22047
25,Castello Molina di Fiemme,22047
26,Cavalese,22050
27,Cavalese,22050
28,Cavedine,22053
29,Cavedine,22053
30,Cles,22062
31,Commezzadura,22064
32,Daiano,22070
33,Faedo,22080
34,Fiavè,22083
35,Folgaria,22087
36,Folgaria,22087
37,Frassilongo,22090
38,Imer,22097
39,Lavarone,22102
40,Ledro,22229
41,Levico Terme,22104
42,Madruzzo (ex Calavino),22243
43,Malè,22110
44,Mezzano,22115
45,Mezzano,22115
46,Mezzocorona,22116
47,Nago-Torbole,22124
48,Nago-Torbole,22124
49,Peio,22136
50,Peio,22136
51,Peio,22136
52,Pellizzano,22137
53,Pergine,22139
54,Pieve Tesino,22142
55,Predazzo,22147
56,Primiero San Martino di Castrozza (ex Siror) ,22245
57,Rabbi,22150
58,Rabbi,22150
59,Ronchi Valsugana,22157
60,Roverè della Luna,22160
61,San Lorenzo Dorsino,22231
62,Spiazzo,22179
63,Storo,22183
64,Telve,22189
65,Tesero,22196
66,Tione di Trento,22199
67,Torcegno,22202
68,Trento,22205
69,Trento,22205
70,Trento,22205
71,Trento,22205
72,Trento,22205
73,Valdaone,22232
74,Valfloriana,22209
75,Vallarsa,22210
76,Vallarsa,22210
77,Vallelaghi (ex Vezzano),22248
78,Vermiglio,22213
79,Vermiglio,22213
80,Vignola Falesina,22216
81,Vignola Falesina,22216
82,Villa Lagarina,22222
83,Villa Lagarina,22222
84,Villa Lagarina,22222
85,Villa Lagarina,22222
86,Villa Lagarina,22222
87,Villa Lagarina,22222
1,Città di Castello,54013
2,Città di Castello,54013
3,Città di Castello,54013
4,Città di Castello,54013
5,Città di Castello,54013
6,Città di Castello,54013
7,Città di Castello,54013
8,Città di Castello,54013
9,Città di Castello,54013
10,Montegabbione,55020
11,Montegabbione,55020
12,Montegabbione,55020
13,Montegabbione,55020
14,Montegabbione,55020
15,Montegabbione,55020
16,Montegabbione,55020
17,Montegabbione,55020
18,Terni,55032
19,Terni,55032
20,Terni,55032
21,Terni,55032
22,Terni,55032
23,Terni,55032
24,Terni,55032
25,Terni,55032
26,Terni,55032
27,Terni,55032
28,Terni,55032
29,Terni,55032
30,Terni,55032
31,Terni,55032
32,Terni,55032
33,Terni,55032
34,Terni,55032
35,Terni,55032
36,Terni,55032
37,Terni,55032
38,Terni,55032
39,Terni,55032
40,Terni,55032
41,Terni,55032
42,Terni,55032
43,Terni,55032
44,Terni,55032
45,Terni,55032
46,Terni,55032
47,Terni,55032
48,Terni,55032
49,Terni,55032
50,Terni,55032
51,Terni,55032
52,Terni,55032
53,Terni,55032
54,Terni,55032
1,Aosta,7003
2,Aosta,7003
3,Bionaz,7010
4,Challand-Saint-Victor,7014
5,Challand-Saint-Victor,7014
6,Challand-Saint-Victor,7014
7,Challand-Saint-Victor,7014
8,Challand-Saint-Victor,7014
9,Challand-Saint-Victor,7014
10,Challand-Saint-Victor,7014
11,Challand-Saint-Victor,7014
12,Challand-Saint-Victor,7014
13,Challand-Saint-Victor,7014
14,Challand-Saint-Victor,7014
15,Challand-Saint-Victor,7014
16,Challand-Saint-Victor,7014
17,Challand-Saint-Victor,7014
18,Challand-Saint-Victor,7014
19,Challand-Saint-Victor,7014
20,Champdepraz,7017
21,Châtillon,7020
22,Châtillon,7020
23,Châtillon,7020
24,Châtillon,7020
25,Châtillon,7020
26,Châtillon,7020
27,Cogne,7021
28,Courmayeur,7022
29,Donnas ,7023
30,Donnas ,7023
31,Fénis,7027
32,Gressoney-Saint-Jean,7033
33,Gressoney-Saint-Jean,7033
34,Gressoney-Saint-Jean,7033
35,Gressoney-Saint-Jean,7033
36,Gressoney-Saint-Jean,7033
37,Gressoney-Saint-Jean,7033
38,Gressoney-Saint-Jean,7033
39,Gressoney-Saint-Jean,7033
40,Gressoney-Saint-Jean,7033
41,Gressoney-Saint-Jean,7033
42,Gressoney-Saint-Jean,7033
43,Gressoney-Saint- Jean,7033
44,Gressoney-Saint- Jean,7033
45,Gressoney-Saint- Jean,7033
46,Gressoney-Saint- Jean,7033
47,Gressoney-Saint- Jean,7033
48,Gressoney-Saint- Jean,7033
49,Gressoney-Saint- Jean,7033
50,Gressoney-Saint- Jean,7033
51,Gressoney-Saint- Jean,7033
52,Gressoney-Saint- Jean,7033
53,Gressoney-Saint- Jean,7033
54,Gressoney-Saint- Jean,7033
55,Gressoney-Saint- Jean,7033
56,Gressoney-Saint- Jean,7033
57,Gressoney-Saint- Jean,7033
58,Gressoney-Saint- Jean,7033
59,Issime,7036
60,Issime,7036
61,La Salle,7040
62,Morgex,7044
63,Nus,7045
64,Perloz,7048
65,Pont-Saint-Martin,7052
66,Pontey,7051
67,Rhêmes-Notre-Dame,7056
68,Rhêmes-Notre-Dame,7056
69,Rhêmes-Notre-Dame,7056
70,Rhêmes-Notre-Dame,7055
71,Rhêmes-Notre-Dame,7056
72,Rhêmes-Notre-Dame,7055
73,Rhêmes-Notre-Dame,7055
74,Rhêmes-Notre-Dame,7055
75,Rhêmes-Notre-Dame,7055
76,Rhêmes-Notre-Dame,7055
77,Rhêmes-Notre-Dame,7055
78,Rhêmes-Notre-Dame,7055
79,Rhêmes-Notre-Dame,7055
80,Rhêmes-Notre-Dame,7055
81,Rhêmes-Notre-Dame,7055
82,Rhêmes-Notre-Dame,7055
83,Rhêmes-Notre-Dame,7055
84,Rhêmes-Notre-Dame,7055
85,Rhêmes-Notre-Dame,7056
86,Rhêmes-Notre-Dame,7056
87,Rhêmes-Notre-Dame,7056
88,Saint-Oyen,7062
89,Saint-Vincent,7065
90,Saint-Vincent,7065
91,Valgrisenche,7068
92,Valgrisenche,7068
93,Valgrisenche,7068
94,Valgrisenche,7068
95,Valgrisenche,7068
96,Valgrisenche,7068
97,Valgrisenche,7068
98,Valgrisenche,7068
99,Valgrisenche,7068
100,Valgrisenche,7068
101,Valgrisenche,7068
102,Valgrisenche,7068
103,Valgrisenche,7068
104,Valgrisenche,7068
105,Valgrisenche,7068
106,Valsavarenche,7070
107,Valsavarenche,7070
1,Chies d'Alpago,25012
2,Cortina d'Ampezzo,25016
3,Feltre,25021
4,Feltre,25021
5,Longarone,25071
6,Longarone,25071
7,Pieve d'Alpago,25072
8,Pieve di Cadore,25039
9,Bagnoli di Sopra,28008
10,Casalserugo,28028
11,Cittadella,28032
12,Galliera Veneta,28039
13,Padova,28060
14,Padova,28060
15,Stanghella ,28088
16,Vescovana,28097
17,Vigodarzere,28099
18,Adria,29030
19,Ficarolo,29021
20,Fiesso Umbertiano,29022
21,Lendinara,29029
22,Pincara,29036
23,Villamarzana,29049
24,Borso del Grappa,26004
25,Castelfranco Veneto,26012
26,Cison di Valmarino,26018
27,Conegliano,26021
28,Conegliano,26021
29,Farra di Soligo ,26026
30,Meduna di Livenza,26041
31,Mogliano Veneto,26043
32,Mogliano Veneto,26043
33,Mogliano Veneto,26043
34,Preganziol,26063
35,Preganziol,26063
36,Roncade,26069
37,Tarzo,26084
38,Valdobbiadene,26087
39,Vazzola,26088
40,Vedelago,26089
41,Vittorio Veneto,26092
42,Vittorio Veneto,26092
43,Fossalta di Portogruaro,27016
44,Mira,27023
45,Mirano,27024
46,Mirano,27024
47,Mirano,27024
48,Portogruaro,27029
49,Spinea,27038
50,Spinea,27038
51,Spinea,27038
52,Spinea,27038
53,Spinea,27038
54,Spinea,27038
55,Spinea,27038
56,Spinea,27038
57,Spinea,27038
58,Spinea,27038
59,Spinea,27038
60,Spinea,27038
61,Stra,27039
62,Stra,27039
63,Stra,27039
64,Stra,27039
65,Venezia,27042
67,Affi,23001
68,Bosco Chiesanuova,23011
69,Bosco Chiesanuova,23011
70,Bosco Chiesanuova,23011
71,Bosco Chiesanuova,23011
72,Bosco Chiesanuova,23011
73,Bussolengo,23091
74,Caprino Veronese,23018
75,Caprino Veronese,23018
76,Caprino Veronese,23018
77,Cerro Veronese,23026
78,Costermano,23030
79,Dolcè,23031
80,Erbezzo,23033
81,Erbezzo,23033
82,Erbezzo,23033
83,Erbezzo ,23033
84,Erbezzo ,23033
85,Fumane,23035
86, Grezzana,23038
87,Roverè Veronese,23067
88,San Bonifacio,23069
89,San Bonifacio,23069
90,Sant'Anna d'Alfaedo,23078
91,Tregnago,23087
92,Velo Veronese,23090
93,Verona ,23091
94,Verona ,23091
95,Verona ,23091
96,Bassano del Grappa,24012
97,Calvene,24020
98,Costabissara,24035
99,Gallio ,24042
100,Gallio ,24042
101,Gallio ,24042
102,Gallio ,24042
103,Piovene Rocchette,24078
104,Recoaro Terme,24084
105,Roana,24085
106,Roana,24085
107,Rotzo,24089
108,Santorso,24095
110,Vicenza,24116
