https://www.politicheagricole.it/flex/cm/pages/ServeAttachment.php/L/IT/D/7%252Fe%252F7%252FD.4d3049114fd571b5522c/P/BLOB%3AID%3D11260/E/ods,Abruzzo
https://www.politicheagricole.it/flex/cm/pages/ServeAttachment.php/L/IT/D/9%252F9%252F2%252FD.42ddb130f3cc1ad65cd5/P/BLOB%3AID%3D11260/E/ods,Bolzano
https://www.politicheagricole.it/flex/cm/pages/ServeAttachment.php/L/IT/D/1%252F9%252F4%252FD.70ef611d90ebcd509f57/P/BLOB%3AID%3D11260/E/ods,Campania
https://www.politicheagricole.it/flex/cm/pages/ServeAttachment.php/L/IT/D/6%252F0%252Fa%252FD.3268e2b2090a2513219a/P/BLOB%3AID%3D11260/E/ods,Friuli
https://www.politicheagricole.it/flex/cm/pages/ServeAttachment.php/L/IT/D/1%252F1%252Fc%252FD.a0ddc5588b6083114c9b/P/BLOB%3AID%3D11260/E/ods,Liguria
https://www.politicheagricole.it/flex/cm/pages/ServeAttachment.php/L/IT/D/a%252Fc%252F8%252FD.92ed4f0d297448c90e2e/P/BLOB%3AID%3D11260/E/ods,Marche
https://www.politicheagricole.it/flex/cm/pages/ServeAttachment.php/L/IT/D/c%252F4%252F1%252FD.99844ac86f0610ae4402/P/BLOB%3AID%3D11260/E/ods,Piemonte
https://www.politicheagricole.it/flex/cm/pages/ServeAttachment.php/L/IT/D/1%252F5%252F6%252FD.05a2182ef3627fc305af/P/BLOB%3AID%3D11260/E/ods,Sardegna
https://www.politicheagricole.it/flex/cm/pages/ServeAttachment.php/L/IT/D/3%252F9%252F4%252FD.f87b0d34584dd599d3cf/P/BLOB%3AID%3D11260/E/ods,Toscana
https://www.politicheagricole.it/flex/cm/pages/ServeAttachment.php/L/IT/D/7%252Fe%252F3%252FD.8c17157b0fe1b8dbb360/P/BLOB%3AID%3D11260/E/ods,Umbria
https://www.politicheagricole.it/flex/cm/pages/ServeAttachment.php/L/IT/D/5%252F6%252Fd%252FD.ab6a9d4c16f00956eca2/P/BLOB%3AID%3D11260/E/ods,Veneto
https://www.politicheagricole.it/flex/cm/pages/ServeAttachment.php/L/IT/D/9%252F8%252Fe%252FD.b596abdcc0c9522e3f66/P/BLOB%3AID%3D11260/E/ods,Basilicata
https://www.politicheagricole.it/flex/cm/pages/ServeAttachment.php/L/IT/D/2%252F5%252F4%252FD.6b798a9b317835da7e4a/P/BLOB%3AID%3D11260/E/ods,Calabria
https://www.politicheagricole.it/flex/cm/pages/ServeAttachment.php/L/IT/D/e%252F5%252Fa%252FD.a41f2cf4fcda52babbac/P/BLOB%3AID%3D11260/E/ods,EmiliaRomagna
https://www.politicheagricole.it/flex/cm/pages/ServeAttachment.php/L/IT/D/b%252F7%252F8%252FD.edce46145ffec8c22f0e/P/BLOB%3AID%3D11260/E/ods,Lazio
https://www.politicheagricole.it/flex/cm/pages/ServeAttachment.php/L/IT/D/9%252Ff%252Fa%252FD.e9c18e96d07eed969151/P/BLOB%3AID%3D11260/E/ods,Lombardia
https://www.politicheagricole.it/flex/cm/pages/ServeAttachment.php/L/IT/D/9%252F5%252Fe%252FD.2da9c041b0be7383d66a/P/BLOB%3AID%3D11260/E/ods,Molise
https://www.politicheagricole.it/flex/cm/pages/ServeAttachment.php/L/IT/D/4%252Fc%252Fd%252FD.b336e7020ceb5b52b516/P/BLOB%3AID%3D11260/E/ods,Puglia
https://www.politicheagricole.it/flex/cm/pages/ServeAttachment.php/L/IT/D/8%252F2%252F7%252FD.c56d35617c024a59f0c9/P/BLOB%3AID%3D11260/E/ods,Sicilia
https://www.politicheagricole.it/flex/cm/pages/ServeAttachment.php/L/IT/D/3%252F0%252F1%252FD.a567ee18934cc065e0cf/P/BLOB%3AID%3D11260/E/ods,Trento
https://www.politicheagricole.it/flex/cm/pages/ServeAttachment.php/L/IT/D/b%252Fa%252F9%252FD.143a04ad704cfba91547/P/BLOB%3AID%3D11260/E/ods,ValDAosta
